accuracy,precision,recall,f1-score,roc_auc,confusion_matrix
0.9775,0.9698778228359514,0.9775,0.9735358123177217,0.8831389094683668,"[[   8    7    0    0    0    0]
 [   3 1927    2    3    0    0]
 [   3    1    8    1    0    0]
 [   3    0    5   12    0    0]
 [   0    6    0    0    0    0]
 [   0   10    1    0    0    0]]"
