accuracy,precision,recall,f1-score,roc_auc,confusion_matrix
0.9735,0.9622885462676072,0.9735,0.9666115929975084,0.8396956777073057,"[[   6    8    1    0    0    0]
 [   1 1931    1    2    0    0]
 [   1    7    5    0    0    0]
 [   3    9    3    5    0    0]
 [   0    6    0    0    0    0]
 [   0    9    2    0    0    0]]"
0.979,0.9685311772794584,0.979,0.9723165190400485,0.7909253695587286,"[[  22    0    0    0    0    0]
 [   0 1929    0    0    0    0]
 [   2    6    2    5    0    0]
 [   4   12    3    5    0    0]
 [   0    4    0    0    0    0]
 [   1    5    0    0    0    0]]"
