accuracy,precision,recall,f1-score,roc_auc,confusion_matrix
0.9775,0.9698778228359514,0.9775,0.9735358123177217,0.8831389094683668,"[[   8    7    0    0    0    0]
 [   3 1927    2    3    0    0]
 [   3    1    8    1    0    0]
 [   3    0    5   12    0    0]
 [   0    6    0    0    0    0]
 [   0   10    1    0    0    0]]"
0.975,0.9690774501424501,0.975,0.9712037016655052,0.7298679577003838,"[[  13    9    0    0    0    0]
 [   2 1921    1    5    0    0]
 [   6    3    6    0    0    0]
 [   6    7    1   10    0    0]
 [   0    4    0    0    0    0]
 [   0    6    0    0    0    0]]"
0.9675,0.9458377026193281,0.9675,0.955500377009532,0.798601770977932,"[[   0   28    2    0    0    0]
 [   0 1922    0    2    0    0]
 [   0   10    7    2    0    0]
 [   0   11    0    6    0    0]
 [   0    2    0    0    0    0]
 [   0    8    0    0    0    0]]"
