accuracy,precision,recall,f1-score,roc_auc,confusion_matrix,training_time
0.956,0.9583748689498515,0.956,0.951393886328725,0.8345394112060779,"[[   0   14    1    0    0    0]
 [   0 1899   36    0    0    0]
 [   0    1   12    0    0    0]
 [   0   11    8    1    0    0]
 [   0    6    0    0    0    0]
 [   0    9    2    0    0    0]]",90.17013835906982
0.9515,0.944766003491023,0.9515,0.9462606248560137,0.7591502211068697,"[[   0   16    5    1    0    0]
 [   0 1889   36    4    0    0]
 [   0    2   13    0    0    0]
 [   0   20    3    1    0    0]
 [   0    3    1    0    0    0]
 [   0    6    0    0    0    0]]",90.2947940826416
0.95,0.9382111856823266,0.95,0.9426763840941056,0.7887399335212801,"[[   0   26    4    0    0    0]
 [   0 1884   37    3    0    0]
 [   0    3   16    0    0    0]
 [   0   15    2    0    0    0]
 [   0    2    0    0    0    0]
 [   0    7    1    0    0    0]]",86.9447774887085
0.961,0.9552824024640657,0.961,0.9553625271050019,0.7631009193940312,"[[   0   18    3    0    0    0]
 [   0 1908   30    1    0    0]
 [   0    0   13    0    0    0]
 [   0   12    3    1    0    0]
 [   0    2    1    0    0    0]
 [   0    8    0    0    0    0]]",89.55387091636658
