accuracy,precision,recall,f1-score,roc_auc,confusion_matrix,training_time
0.9675,0.9360562499999999,0.9675,0.9515184243964423,0.7264802607670825,"[[   0   15    0    0    0    0]
 [   0 1935    0    0    0    0]
 [   0   13    0    0    0    0]
 [   0   20    0    0    0    0]
 [   0    6    0    0    0    0]
 [   0   11    0    0    0    0]]",89.9924669265747
0.9445,0.9361729381443299,0.9445,0.9396860392127904,0.7130060388750125,"[[   0   22    0    0    0    0]
 [   0 1879    0   50    0    0]
 [   0   15    0    0    0    0]
 [   0   14    0   10    0    0]
 [   0    4    0    0    0    0]
 [   0    6    0    0    0    0]]",93.07899260520936
