accuracy,precision,recall,f1-score,roc_auc,confusion_matrix,training_time
0.9605,0.9586968069815195,0.9605,0.9546021240327189,0.7677025201327526,"[[   0   14    1    0    0    0]
 [   0 1907   28    0    0    0]
 [   0    1   12    0    0    0]
 [   0   11    7    2    0    0]
 [   0    6    0    0    0    0]
 [   0    9    2    0    0    0]]",90.17013835906982
0.9665,0.9490917293233083,0.9665,0.9517864515072083,0.6655730254855448,"[[   0   21    0    1    0    0]
 [   0 1929    0    0    0    0]
 [   0   14    1    0    0    0]
 [   0   21    0    3    0    0]
 [   0    4    0    0    0    0]
 [   0    6    0    0    0    0]]",90.2947940826416
0.919,0.94750800141871,0.919,0.9297079042627402,0.8769175937964638,"[[   0   26    4    0    0    0]
 [   0 1812  107    5    0    0]
 [   0    0   19    0    0    0]
 [   0    5    5    7    0    0]
 [   0    2    0    0    0    0]
 [   0    7    1    0    0    0]]",86.9447774887085
