accuracy,precision,recall,f1-score,roc_auc,confusion_matrix,training_time
0.9605,0.9586968069815195,0.9605,0.9546021240327189,0.7677025201327526,"[[   0   14    1    0    0    0]
 [   0 1907   28    0    0    0]
 [   0    1   12    0    0    0]
 [   0   11    7    2    0    0]
 [   0    6    0    0    0    0]
 [   0    9    2    0    0    0]]",90.17013835906982
