accuracy,precision,recall,f1-score,roc_auc,confusion_matrix,training_time
0.975,0.9581590909090909,0.975,0.9654627000225378,0.8345155410194169,"[[   0   15    0    0    0    0]
 [   0 1933    0    2    0    0]
 [   0   10    3    0    0    0]
 [   0    6    0   14    0    0]
 [   0    6    0    0    0    0]
 [   0   10    1    0    0    0]]",35.793354749679565
