accuracy,precision,recall,f1-score,roc_auc,confusion_matrix,training_time
0.9755,0.9592303148328465,0.9755,0.9669443137254902,0.9028953799573955,"[[   0   15    0    0    0    0]
 [   0 1932    1    2    0    0]
 [   0    5    8    0    0    0]
 [   0    8    1   11    0    0]
 [   0    6    0    0    0    0]
 [   0    9    2    0    0    0]]",35.793354749679565
0.9735,0.9573033556892828,0.9735,0.963923468343325,0.8904288936540105,"[[   0   22    0    0    0    0]
 [   0 1928    0    1    0    0]
 [   0    6    9    0    0    0]
 [   0   13    1   10    0    0]
 [   0    4    0    0    0    0]
 [   0    6    0    0    0    0]]",34.835886001586914
0.969,0.9489022275830935,0.969,0.958693842677456,0.9363729128628508,"[[   0   27    3    0    0    0]
 [   0 1918    1    5    0    0]
 [   1    5   13    0    0    0]
 [   0    9    1    7    0    0]
 [   0    2    0    0    0    0]
 [   0    8    0    0    0    0]]",35.21043562889099
0.976,0.9602329974811084,0.976,0.96646607435688,0.8437690981503837,"[[   0   20    1    0    0    0]
 [   0 1939    0    0    0    0]
 [   0    5    8    0    0    0]
 [   0   10    1    5    0    0]
 [   0    3    0    0    0    0]
 [   0    8    0    0    0    0]]",33.11233735084534
