accuracy,precision,recall,f1-score,roc_auc,confusion_matrix,training_time,cpu_used
0.9695,0.9463441265060241,0.9695,0.9567570664629489,0.7695949537112327,"[[   0   15    0    0    0    0]
 [   0 1933    0    2    0    0]
 [   0   13    0    0    0    0]
 [   0   14    0    6    0    0]
 [   0    6    0    0    0    0]
 [   0   11    0    0    0    0]]",34.27728748321533,-4.800000000000001
