accuracy,precision,recall,f1-score,roc_auc,confusion_matrix,training_time
0.9755,0.9592303148328465,0.9755,0.9669443137254902,0.9028953799573955,"[[   0   15    0    0    0    0]
 [   0 1932    1    2    0    0]
 [   0    5    8    0    0    0]
 [   0    8    1   11    0    0]
 [   0    6    0    0    0    0]
 [   0    9    2    0    0    0]]",35.793354749679565
