accuracy,precision,recall,f1-score,roc_auc,confusion_matrix,training_time
0.985,0.9785162203913492,0.985,0.9815291587276495,0.8181963633552777,"[[  14    0    0    1    0    0]
 [   2 1933    0    0    0    0]
 [   0    0    9    4    0    0]
 [   4    2    0   14    0    0]
 [   0    6    0    0    0    0]
 [   0    1    9    1    0    0]]",33.93223285675049
