accuracy,precision,recall,f1-score,roc_auc,confusion_matrix,training_time
0.975,0.9581590909090909,0.975,0.9654627000225378,0.8345155410194169,"[[   0   15    0    0    0    0]
 [   0 1933    0    2    0    0]
 [   0   10    3    0    0    0]
 [   0    6    0   14    0    0]
 [   0    6    0    0    0    0]
 [   0   10    1    0    0    0]]",35.793354749679565
0.972,0.9559456082786472,0.972,0.9614795396419437,0.8312708277696613,"[[   0   22    0    0    0    0]
 [   0 1928    0    1    0    0]
 [   0   10    3    2    0    0]
 [   0   11    0   13    0    0]
 [   0    4    0    0    0    0]
 [   0    6    0    0    0    0]]",34.835886001586914
0.966,0.9580739929506547,0.966,0.9531843787641284,0.8143764053110029,"[[   1   28    1    0    0    0]
 [   0 1922    0    2    0    0]
 [   0   16    3    0    0    0]
 [   0   10    1    6    0    0]
 [   0    2    0    0    0    0]
 [   0    8    0    0    0    0]]",35.21043562889099
0.9745,0.9610176903670281,0.9745,0.9676268613564872,0.8625215285885252,"[[   0   20    1    0    0    0]
 [   0 1927    2   10    0    0]
 [   1    1   11    0    0    0]
 [   1    4    0   11    0    0]
 [   0    3    0    0    0    0]
 [   0    8    0    0    0    0]]",33.11233735084534
