accuracy,precision,recall,f1-score,roc_auc,confusion_matrix,training_time
0.985,0.9785162203913492,0.985,0.9815291587276495,0.8181963633552777,"[[  14    0    0    1    0    0]
 [   2 1933    0    0    0    0]
 [   0    0    9    4    0    0]
 [   4    2    0   14    0    0]
 [   0    6    0    0    0    0]
 [   0    1    9    1    0    0]]",33.93223285675049
0.9915,0.9909847073216638,0.9915,0.9907727258301814,0.9793892986369658,"[[  18    0    2    0    0    2]
 [   1 1928    0    0    0    0]
 [   0    0   13    0    0    2]
 [   2    0    3   18    0    1]
 [   0    4    0    0    0    0]
 [   0    0    0    0    0    6]]",34.963069915771484
0.9915,0.991154376930916,0.9915,0.9910201495649327,0.960980595980596,"[[  26    0    4    0    0    0]
 [   0 1924    0    0    0    0]
 [   1    0   16    0    0    2]
 [   4    0    1   12    0    0]
 [   0    2    0    0    0    0]
 [   1    0    2    0    0    5]]",35.28466057777405
0.982,0.9790154731457801,0.982,0.9790612144344643,0.9068064693189597,"[[  14    6    1    0    0    0]
 [   0 1939    0    0    0    0]
 [   8    0    2    0    0    3]
 [   6    1    2    7    0    0]
 [   0    3    0    0    0    0]
 [   0    6    0    0    0    2]]",34.60012459754944
