accuracy,precision,recall,f1-score,roc_auc,confusion_matrix,training_time
0.9885,0.9872925566537822,0.9885,0.9865900759993123,0.9667926512190079,"[[  10    0    0    5    0    0]
 [   1 1934    0    0    0    0]
 [   0    0   13    0    0    0]
 [   0    2    2   16    0    0]
 [   0    6    0    0    0    0]
 [   0    0    7    0    0    4]]",33.93223285675049
