accuracy,precision,recall,f1-score,roc_auc,confusion_matrix,training_time
0.9755,0.9592303148328465,0.9755,0.9669443137254902,0.9028953799573955,"[[   0   15    0    0    0    0]
 [   0 1932    1    2    0    0]
 [   0    5    8    0    0    0]
 [   0    8    1   11    0    0]
 [   0    6    0    0    0    0]
 [   0    9    2    0    0    0]]",35.793354749679565
0.9735,0.9573033556892828,0.9735,0.963923468343325,0.8904288936540105,"[[   0   22    0    0    0    0]
 [   0 1928    0    1    0    0]
 [   0    6    9    0    0    0]
 [   0   13    1   10    0    0]
 [   0    4    0    0    0    0]
 [   0    6    0    0    0    0]]",34.835886001586914
