accuracy,precision,recall,f1-score,roc_auc,confusion_matrix,training_time,cpu_used
0.9725,0.9719664467610835,0.9725,0.9720450413007711,0.7317580997813556,"[[  13    2    0    0    0    0]
 [   2 1907   11    5    3    7]
 [   0    3    8    1    0    1]
 [   0    3    0   17    0    0]
 [   0    6    0    0    0    0]
 [   0   10    1    0    0    0]]",0.0269782543182373,-9.5
0.9725,0.97890339701417,0.9725,0.9754321962213077,0.7243020406239691,"[[  20    2    0    0    0    0]
 [   6 1898    3    0    4   18]
 [   0    4    9    1    0    1]
 [   0    6    0   18    0    0]
 [   0    4    0    0    0    0]
 [   0    6    0    0    0    0]]",0.0282914638519287,7.399999999999999
