accuracy,precision,recall,f1-score,roc_auc,confusion_matrix,training_time
0.9715,0.9726855907282478,0.9715,0.9718746326175121,0.7406939701125749,"[[  13    2    0    0    0    0]
 [   2 1904   11    6    4    8]
 [   0    3    8    1    0    1]
 [   0    3    0   17    0    0]
 [   0    6    0    0    0    0]
 [   0    9    1    0    0    1]]",0.0272967815399169
