accuracy,precision,recall,f1-score,roc_auc,confusion_matrix,training_time,cpu_used
0.9725,0.9719664467610835,0.9725,0.9720450413007711,0.7317580997813556,"[[  13    2    0    0    0    0]
 [   2 1907   11    5    3    7]
 [   0    3    8    1    0    1]
 [   0    3    0   17    0    0]
 [   0    6    0    0    0    0]
 [   0   10    1    0    0    0]]",0.0269782543182373,-9.5
0.9725,0.97890339701417,0.9725,0.9754321962213077,0.7243020406239691,"[[  20    2    0    0    0    0]
 [   6 1898    3    0    4   18]
 [   0    4    9    1    0    1]
 [   0    6    0   18    0    0]
 [   0    4    0    0    0    0]
 [   0    6    0    0    0    0]]",0.0282914638519287,7.399999999999999
0.973,0.9772588740638922,0.973,0.9746520540069455,0.7416565291178294,"[[  20    5    3    2    0    0]
 [   2 1897    5    6    9    5]
 [   0    6   12    1    0    0]
 [   0    2    0   15    0    0]
 [   0    2    0    0    0    0]
 [   0    6    0    0    0    2]]",0.0288090705871582,1.9000000000000004
0.98,0.9783698633156966,0.98,0.9791480897554277,0.7166198873328838,"[[  18    3    0    0    0    0]
 [   0 1923    5    4    3    4]
 [   1    3    9    0    0    0]
 [   1    4    0   10    0    1]
 [   0    3    0    0    0    0]
 [   0    8    0    0    0    0]]",0.0262022018432617,-0.6999999999999993
0.977,0.9775348311891128,0.977,0.977186794154119,0.7544126984126984,"[[  24    0    0    0    0    0]
 [   1 1903    4    4    3   10]
 [   0    6   10    1    0    1]
 [   0    1    2   15    0    0]
 [   1    2    0    0    0    0]
 [   0    9    0    1    0    2]]",0.0253458023071289,3.200000000000001
