,training_time,accuracy,loss,cpu_used
0,0.02829146385192871,1.0,0.0,7.399999999999999
