,training_time,accuracy,loss,cpu_used
0,0.025345802307128906,1.0,0.0,3.200000000000001
