,training_time,accuracy,loss,cpu_used
0,0.028809070587158203,1.0,0.0,1.9000000000000004
