accuracy,precision,recall,f1-score,roc_auc,confusion_matrix,training_time
0.8205,0.9604472263674718,0.8205,0.8794827030931965,0.8220983518347859,"[[   6    2    0    7    0    0]
 [  30 1615    0  290    0    0]
 [   0    0    0   13    0    0]
 [   0    0    0   20    0    0]
 [   0    6    0    0    0    0]
 [   0    7    1    3    0    0]]",117.48844695091248
0.971,0.9478964484227242,0.971,0.9592521835551007,0.8122193520220348,"[[   0   22    0    0    0    0]
 [   0 1925    0    4    0    0]
 [   0   15    0    0    0    0]
 [   0    7    0   17    0    0]
 [   0    4    0    0    0    0]
 [   0    6    0    0    0    0]]",116.33722376823424
0.9635,0.9358278230948772,0.9635,0.9494211807381637,0.8740644830350711,"[[   0   28    0    2    0    0]
 [   0 1916    0    8    0    0]
 [   0   19    0    0    0    0]
 [   0    6    0   11    0    0]
 [   0    2    0    0    0    0]
 [   0    8    0    0    0    0]]",118.49030232429504
0.929,0.9671151688708525,0.929,0.9444358604238949,0.80945835250003,"[[  19    2    0    0    0    0]
 [ 108 1829    0    2    0    0]
 [   8    5    0    0    0    0]
 [   2    4    0   10    0    0]
 [   1    2    0    0    0    0]
 [   1    7    0    0    0    0]]",122.6947901248932
0.9645,0.9435942211055276,0.9645,0.9502094753905098,0.8081316672011116,"[[   1   23    0    0    0    0]
 [   1 1923    0    1    0    0]
 [   0   18    0    0    0    0]
 [   0   11    2    5    0    0]
 [   0    3    0    0    0    0]
 [   0   12    0    0    0    0]]",119.98525595664978
