accuracy,precision,recall,f1-score,roc_auc,confusion_matrix,training_time
0.9685,0.9449473947895792,0.9685,0.9544944034596795,0.6566985206868928,"[[   0   15    0    0    0    0]
 [   0 1934    0    1    0    0]
 [   0   13    0    0    0    0]
 [   0   17    0    3    0    0]
 [   0    6    0    0    0    0]
 [   0   11    0    0    0    0]]",121.3402488231659
0.9645,0.93026025,0.9645,0.9470707559175363,0.48175597342004806,"[[   0   22    0    0    0    0]
 [   0 1929    0    0    0    0]
 [   0   15    0    0    0    0]
 [   0   24    0    0    0    0]
 [   0    4    0    0    0    0]
 [   0    6    0    0    0    0]]",121.87702465057372
0.9625,0.9344069534767384,0.9625,0.9445529073554819,0.4979298857085235,"[[   0   30    0    0    0    0]
 [   0 1924    0    0    0    0]
 [   0   19    0    0    0    0]
 [   0   16    0    1    0    0]
 [   0    2    0    0    0    0]
 [   0    8    0    0    0    0]]",121.7704598903656
0.1875,0.9682660841450507,0.1875,0.2955247585905382,0.8427140262751401,"[[  21    0    0    0    0    0]
 [1117  346   39   20    0  417]
 [  13    0    0    0    0    0]
 [  11    0    0    4    0    1]
 [   2    1    0    0    0    0]
 [   4    0    0    0    0    4]]",122.47471690177916
