accuracy,precision,recall,f1-score,roc_auc,confusion_matrix,training_time
0.9705,0.9482601809954752,0.9705,0.9585328746177371,0.8611318381589701,"[[   0   15    0    0    0    0]
 [   0 1933    0    2    0    0]
 [   0   13    0    0    0    0]
 [   0   11    1    8    0    0]
 [   0    6    0    0    0    0]
 [   0   11    0    0    0    0]]",117.48844695091248
