accuracy,precision,recall,f1-score,roc_auc,confusion_matrix,training_time
0.9685,0.9449473947895792,0.9685,0.9544944034596795,0.6566985206868928,"[[   0   15    0    0    0    0]
 [   0 1934    0    1    0    0]
 [   0   13    0    0    0    0]
 [   0   17    0    3    0    0]
 [   0    6    0    0    0    0]
 [   0   11    0    0    0    0]]",121.3402488231659
