accuracy,precision,recall,f1-score,roc_auc,confusion_matrix,training_time
0.8205,0.9604472263674718,0.8205,0.8794827030931965,0.8220983518347859,"[[   6    2    0    7    0    0]
 [  30 1615    0  290    0    0]
 [   0    0    0   13    0    0]
 [   0    0    0   20    0    0]
 [   0    6    0    0    0    0]
 [   0    7    1    3    0    0]]",117.48844695091248
