accuracy,precision,recall,f1-score,roc_auc,confusion_matrix,training_time
0.9675,0.9360562499999999,0.9675,0.9515184243964423,0.5,"[[   0   15    0    0    0    0]
 [   0 1935    0    0    0    0]
 [   0   13    0    0    0    0]
 [   0   20    0    0    0    0]
 [   0    6    0    0    0    0]
 [   0   11    0    0    0    0]]",43.69132161140442
