accuracy,precision,recall,f1-score,roc_auc,confusion_matrix,training_time
0.9645,0.93026025,0.9645,0.9470707559175363,0.5,"[[   0   22    0    0    0    0]
 [   0 1929    0    0    0    0]
 [   0   15    0    0    0    0]
 [   0   24    0    0    0    0]
 [   0    4    0    0    0    0]
 [   0    6    0    0    0    0]]",45.508817195892334
