accuracy,precision,recall,f1-score,roc_auc,confusion_matrix,training_time
0.9625,0.92640625,0.9625,0.9441082802547771,0.5,"[[   0   24    0    0    0    0]
 [   0 1925    0    0    0    0]
 [   0   18    0    0    0    0]
 [   0   18    0    0    0    0]
 [   0    3    0    0    0    0]
 [   0   12    0    0    0    0]]",47.608436584472656
