accuracy,precision,recall,f1-score,roc_auc,confusion_matrix,training_time
0.962,0.9254439999999999,0.962,0.943367991845056,0.5,"[[   0   30    0    0    0    0]
 [   0 1924    0    0    0    0]
 [   0   19    0    0    0    0]
 [   0   17    0    0    0    0]
 [   0    2    0    0    0    0]
 [   0    8    0    0    0    0]]",46.17071032524109
