accuracy,precision,recall,f1-score,roc_auc,confusion_matrix,training_time
0.9695,0.93993025,0.9695,0.9544861640010155,0.5,"[[   0   21    0    0    0    0]
 [   0 1939    0    0    0    0]
 [   0   13    0    0    0    0]
 [   0   16    0    0    0    0]
 [   0    3    0    0    0    0]
 [   0    8    0    0    0    0]]",45.91430425643921
