,RandomForest,all,DecisionTree
accuracy,"[0.98125, 0.9806000000000001, 0.9825, 0.981375, 0.981]",[],"[0.9735, 0.9715, 0.9751999999999998, 0.974625, 0.9733333333333333]"
precision,"[0.9740816933347316, 0.9737149683470768, 0.9740837023517444, 0.9748999067770638, 0.9743458889074242]",[],"[0.9770759277531647, 0.9726855907282478, 0.9773939451747078, 0.9775030564683848, 0.9772195165217678]"
recall,"[0.98125, 0.9806000000000001, 0.9825, 0.981375, 0.981]",[],"[0.9735, 0.9715, 0.9751999999999998, 0.974625, 0.9733333333333333]"
f1-score,"[0.9764211415108643, 0.9759831280035822, 0.977477641561069, 0.9769068594986962, 0.976414011573894]",[],"[0.9749728861458955, 0.971874632617512, 0.9760924489248992, 0.9758195875035052, 0.9749623388376856]"
roc_auc,"[0.8639179497918084, 0.8741937991819233, 0.850643757190269, 0.8679030317388813, 0.8662819929039746]",[],"[0.7419577466378888, 0.7406939701125749, 0.7390151186412066, 0.735847181129791, 0.742307852037854]"
training_time,"[0.48853409290313715, 0.4896059036254883, 0.4851903915405273, 0.48622393608093256, 0.48521693547566724]",[],"[0.027847766876220648, 0.0272967815399169, 0.02725172042846674, 0.02772861719131465, 0.028214295705159462]"
