,Seq_2Layer_32_64_ReLU_Adam,Deep_3Layer_128_256_128_ReLU_Adam,all,Deep_3Layer_64_128_64_ReLU_Adam
accuracy,"[0.9893333333333333, 0.9875, 0.9882500000000001, 0.9875, 0.985]","[0.9675, 0.9578333333333333, 0.9526, 0.956, 0.949875]",[],"[0.9675, 0.9625, 0.962, 0.9645, 0.9695]"
precision,"[0.9868851015479764, 0.9857873044187322, 0.9847504638565066, 0.9849176944474273, 0.9785162203913492]","[0.93605625, 0.9349186854407772, 0.9385263489948752, 0.936114594072165, 0.9400637469865658]",[],"[0.93605625, 0.92640625, 0.925444, 0.93026025, 0.93993025]"
recall,"[0.9893333333333333, 0.9875, 0.9882500000000001, 0.9875, 0.985]","[0.9675, 0.9578333333333333, 0.9526, 0.956, 0.949875]",[],"[0.9675, 0.9625, 0.962, 0.9645, 0.9695]"
f1-score,"[0.9877740113742545, 0.9858689920040593, 0.9861509422789154, 0.9855958121393069, 0.9815291587276496]","[0.9515184243964424, 0.9459912033766941, 0.9448986031589479, 0.9456022318046164, 0.9442679732197126]",[],"[0.9515184243964424, 0.9441082802547772, 0.943367991845056, 0.9470707559175364, 0.9544861640010156]"
roc_auc,"[0.9195220859909465, 0.9214363219534697, 0.8987928309961217, 0.9163431818229498, 0.8181963633552777]","[0.7264802607670825, 0.6909299762650608, 0.7002796313759079, 0.7197431498210475, 0.7030185674653021]",[],"[0.5, 0.5, 0.5, 0.5, 0.5]"
training_time,"[34.72665445009867, 34.720052003860474, 34.447651386260986, 34.695021986961365, 33.93223285675049]","[89.9924669265747, 92.0340850353241, 93.36195573806762, 91.53572976589203, 92.5619580745697]",[],"[43.69132161140442, 47.608436584472656, 46.17071032524109, 45.508817195892334, 45.91430425643921]"
