,Seq_2Layer_32_64_ReLU_Adam,Deep_3Layer_128_256_128_ReLU_Adam,all,Deep_3Layer_64_128_64_ReLU_Adam
accuracy,"[0.9765, 0.9763, 0.9802500000000001, 0.97775, 0.9735]","[0.9685, 0.965, 0.9624, 0.9665, 0.962375]",[],"[0.9675, 0.9653, 0.9646666666666667, 0.966, 0.966]"
precision,"[0.9699180847176342, 0.9691076030063005, 0.972393239865978, 0.9712284257762243, 0.9628912146779162]","[0.9449473947895792, 0.9335505482631931, 0.935056850425785, 0.9376038223947896, 0.9359831000692682]",[],"[0.93605625, 0.9333134400450225, 0.9305868333333334, 0.93315825, 0.9350402375562781]"
recall,"[0.9765, 0.9763, 0.9802500000000001, 0.97775, 0.9735]","[0.9685, 0.965, 0.9624, 0.9665, 0.962375]",[],"[0.9675, 0.9653, 0.9646666666666667, 0.966, 0.966]"
f1-score,"[0.9694111856086876, 0.9696752500494183, 0.9753168778979454, 0.9712174224794471, 0.9667753492032264]","[0.9544944034596796, 0.948311050407424, 0.9476952140736523, 0.950782579688608, 0.9483692916170464]",[],"[0.9515184243964424, 0.9483470342583427, 0.9473190573863449, 0.9492945901569894, 0.9494067227592341]"
roc_auc,"[0.8519851381165262, 0.8634686555971423, 0.8673542845738126, 0.8641042545079183, 0.8162239137549215]","[0.6484424587757921, 0.6759874916966645, 0.6715094738863254, 0.653907618289876, 0.6771506243577998]",[],"[0.5031102497846683, 0.5058298370332965, 0.5032715096939423, 0.5015551248923342, 0.5076619656037901]"
