accuracy,precision,recall,f1-score,roc_auc,confusion_matrix
0.9685,0.9449473947895792,0.9685,0.9544944034596795,0.6484304483916888,"[[   0   15    0    0    0    0]
 [   0 1934    0    1    0    0]
 [   0   13    0    0    0    0]
 [   0   17    0    3    0    0]
 [   0    6    0    0    0    0]
 [   0   11    0    0    0    0]]"
0.968,0.9442533251062663,0.968,0.9549164515423321,0.6569200493792252,"[[   0   22    0    0    0    0]
 [   0 1927    0    2    0    0]
 [   0   15    0    0    0    0]
 [   0   15    0    9    0    0]
 [   0    4    0    0    0    0]
 [   0    6    0    0    0    0]]"
