,training_time,accuracy,loss,cpu_used
0,0.4869570732116699,1.0,0.0,-15.399999999999999
