,training_time,accuracy,loss,cpu_used
0,0.48531270027160645,1.0,0.0,-3.4000000000000004
