,training_time,accuracy,loss
0,0.47858262062072754,0.999875,0.00012500000000004174
