,training_time,accuracy,loss,cpu_used
0,0.4900505542755127,1.0,0.0,-5.299999999999999
