,training_time,accuracy,loss,cpu_used
0,0.4922912120819092,1.0,0.0,-1.3000000000000007
