accuracy,precision,recall,f1-score,roc_auc,confusion_matrix,training_time
0.9825,0.9740837023517444,0.9825,0.977477641561069,0.850643757190269,"[[  10    5    0    0    0    0]
 [   0 1933    0    2    0    0]
 [   0    6    7    0    0    0]
 [   0    5    0   15    0    0]
 [   0    6    0    0    0    0]
 [   0   11    0    0    0    0]]",0.4851903915405273
