accuracy,precision,recall,f1-score,roc_auc,confusion_matrix,training_time,cpu_used
0.9805,0.9717686842840144,0.9805,0.9756016097394032,0.8683261766943937,"[[   9    6    0    0    0    0]
 [   1 1929    1    4    0    0]
 [   0    5    7    1    0    0]
 [   0    4    0   16    0    0]
 [   0    6    0    0    0    0]
 [   0   11    0    0    0    0]]",0.4869570732116699,-15.4
