accuracy,precision,recall,f1-score,roc_auc,confusion_matrix
0.9725,0.9595169082125603,0.9725,0.9635727967684491,0.8293129455958914,"[[   5   10    0    0    0    0]
 [   1 1933    1    0    0    0]
 [   1    6    5    1    0    0]
 [   3   13    2    2    0    0]
 [   0    6    0    0    0    0]
 [   0   10    1    0    0    0]]"
0.972,0.9614538852209243,0.972,0.9649499824715772,0.7441099957585184,"[[   8    9    5    0    0    0]
 [   0 1927    0    2    0    0]
 [   0    8    4    3    0    0]
 [   2   15    2    5    0    0]
 [   0    4    0    0    0    0]
 [   0    6    0    0    0    0]]"
