accuracy,precision,recall,f1-score,roc_auc,confusion_matrix
0.9725,0.9595169082125603,0.9725,0.9635727967684491,0.8293129455958914,"[[   5   10    0    0    0    0]
 [   1 1933    1    0    0    0]
 [   1    6    5    1    0    0]
 [   3   13    2    2    0    0]
 [   0    6    0    0    0    0]
 [   0   10    1    0    0    0]]"
