accuracy,precision,recall,f1-score,roc_auc,confusion_matrix
0.9725,0.9595169082125603,0.9725,0.9635727967684491,0.8293129455958914,"[[   5   10    0    0    0    0]
 [   1 1933    1    0    0    0]
 [   1    6    5    1    0    0]
 [   3   13    2    2    0    0]
 [   0    6    0    0    0    0]
 [   0   10    1    0    0    0]]"
0.972,0.9614538852209243,0.972,0.9649499824715772,0.7441099957585184,"[[   8    9    5    0    0    0]
 [   0 1927    0    2    0    0]
 [   0    8    4    3    0    0]
 [   2   15    2    5    0    0]
 [   0    4    0    0    0    0]
 [   0    6    0    0    0    0]]"
0.969,0.949116681118578,0.969,0.9578686292559018,0.7957486123894794,"[[   0   27    3    0    0    0]
 [   0 1923    0    1    0    0]
 [   1    9    9    0    0    0]
 [   1    8    2    6    0    0]
 [   0    2    0    0    0    0]
 [   0    8    0    0    0    0]]"
0.9725,0.9561065604616157,0.9725,0.9610058352676616,0.7466613013363109,"[[   0   21    0    0    0    0]
 [   0 1939    0    0    0    0]
 [   0   10    3    0    0    0]
 [   0   12    1    3    0    0]
 [   0    3    0    0    0    0]
 [   0    8    0    0    0    0]]"
0.947,0.9736294826526091,0.947,0.9572512054710342,0.9213167855806746,"[[  15    0    5    4    0    0]
 [   9 1846   17   38    0   15]
 [   0    0   17    1    0    0]
 [   0    0    3   15    0    0]
 [   0    3    0    0    0    0]
 [   0    1    7    3    0    1]]"
