accuracy,precision,recall,f1-score,roc_auc,confusion_matrix
0.9735,0.9628912146779162,0.9735,0.9667753492032265,0.8162239137549215,"[[  11    4    0    0    0    0]
 [   5 1928    0    2    0    0]
 [   0    9    4    0    0    0]
 [   3    8    5    4    0    0]
 [   0    6    0    0    0    0]
 [   0   10    1    0    0    0]]"
0.987,0.9818952650540401,0.987,0.9838584065926645,0.9184846553927035,"[[  22    0    0    0    0    0]
 [   0 1929    0    0    0    0]
 [   2    0   10    3    0    0]
 [   4    5    2   13    0    0]
 [   0    4    0    0    0    0]
 [   1    5    0    0    0    0]]"
0.969,0.9649677744209466,0.969,0.9575998010301718,0.8212468452019536,"[[   2   28    0    0    0    0]
 [   0 1924    0    0    0    0]
 [   0   12    7    0    0    0]
 [   0   12    0    5    0    0]
 [   0    2    0    0    0    0]
 [   0    8    0    0    0    0]]"
