accuracy,precision,recall,f1-score,roc_auc,confusion_matrix
0.9735,0.9628912146779162,0.9735,0.9667753492032265,0.8162239137549215,"[[  11    4    0    0    0    0]
 [   5 1928    0    2    0    0]
 [   0    9    4    0    0    0]
 [   3    8    5    4    0    0]
 [   0    6    0    0    0    0]
 [   0   10    1    0    0    0]]"
