accuracy,precision,recall,f1-score,roc_auc,confusion_matrix,training_time
0.9915,0.9893050732501357,0.9915,0.9899851547471046,0.8325585049461018,"[[  15    0    0    0    0    0]
 [   1 1933    0    0    0    1]
 [   0    0   12    0    0    1]
 [   3    1    2   14    0    0]
 [   0    6    0    0    0    0]
 [   0    0    2    0    0    9]]",31.197341918945312
