accuracy,precision,recall,f1-score,roc_auc,confusion_matrix,training_time
0.9675,0.9369932432432432,0.9675,0.9520022883295195,0.8502167029066253,"[[   0   15    0    0    0    0]
 [   0 1935    0    0    0    0]
 [   0   13    0    0    0    0]
 [   0   18    2    0    0    0]
 [   0    6    0    0    0    0]
 [   0   11    0    0    0    0]]",30.87917470932007
