accuracy,precision,recall,f1-score,roc_auc,confusion_matrix,training_time
0.9675,0.9369932432432432,0.9675,0.9520022883295195,0.8502167029066253,"[[   0   15    0    0    0    0]
 [   0 1935    0    0    0    0]
 [   0   13    0    0    0    0]
 [   0   18    2    0    0    0]
 [   0    6    0    0    0    0]
 [   0   11    0    0    0    0]]",30.87917470932007
0.9655,0.9366577366049075,0.9655,0.9494611139412463,0.85150856020024,"[[   0   22    0    0    0    0]
 [   0 1929    0    0    0    0]
 [   0   13    2    0    0    0]
 [   0   23    1    0    0    0]
 [   0    4    0    0    0    0]
 [   0    6    0    0    0    0]]",30.86465167999268
0.9645,0.9350981425702812,0.9645,0.9488137177013581,0.8531126463150457,"[[   0   28    2    0    0    0]
 [   0 1924    0    0    0    0]
 [   0   14    5    0    0    0]
 [   0   16    1    0    0    0]
 [   0    2    0    0    0    0]
 [   0    8    0    0    0    0]]",30.850280046463013
0.97,0.9441211211211212,0.97,0.9558377106087546,0.79581187886653,"[[   0   21    0    0    0    0]
 [   0 1939    0    0    0    0]
 [   0   12    1    0    0    0]
 [   0   15    1    0    0    0]
 [   0    3    0    0    0    0]
 [   0    8    0    0    0    0]]",31.45715403556824
