accuracy,precision,recall,f1-score,roc_auc,confusion_matrix,training_time
0.9675,0.9556929397974961,0.9675,0.9596895120517714,0.7795103489677132,"[[   0   15    0    0    0    0]
 [   0 1914    0   21    0    0]
 [   0   10    2    1    0    0]
 [   0    0    1   19    0    0]
 [   0    6    0    0    0    0]
 [   0   11    0    0    0    0]]",30.87917470932007
0.967,0.9581894580280056,0.967,0.9595305994153064,0.8212276274931797,"[[   2   20    0    0    0    0]
 [   8 1918    0    3    0    0]
 [   4    9    2    0    0    0]
 [   0   12    0   12    0    0]
 [   0    4    0    0    0    0]
 [   0    6    0    0    0    0]]",30.86465167999268
